{
  "meta": {
    "dataset_id": "labs_catalog_v1",
    "language": "es",
    "units_policy": "prefer_SI_with_clinical_conventions",
    "disclaimer": "Apoya revisión y documentación. No emite diagnósticos; sugiere verificación y descarte/confirmación."
  },
  "panels": [
    {
      "panel_id": "cbc",
      "name": "Citometría hemática (BH/CBC)",
      "analytes": [
        {
          "analyte_id": "hb",
          "name": "Hemoglobina",
          "units": "g/dL",
          "ref_ranges": [
            {
              "sex": "male",
              "low": 13.5,
              "high": 17.5
            },
            {
              "sex": "female",
              "low": 12.0,
              "high": 16.0
            }
          ],
          "critical": [
            {
              "op": "<",
              "value": 7.0,
              "label": "crítica_baja"
            },
            {
              "op": ">",
              "value": 20.0,
              "label": "crítica_alta"
            }
          ],
          "interpretation_hints": [
            "Interpretar junto con VCM, RDW y reticulocitos.",
            "Si Hb baja: clasificar anemia por VCM (micro/normo/macro)."
          ],
          "follow_up_checklist": [
            "VCM, RDW, reticulocitos.",
            "Perfil de hierro (ferritina, Fe, TIBC/sat transferrina) si microcítica.",
            "B12/folato si macrocítica.",
            "Datos de hemólisis si reticulocitos altos (LDH, bilirrubina indirecta, haptoglobina ± Coombs).",
            "Sangrado agudo vs crónico (clínica + tendencia de BH)."
          ]
        },
        {
          "analyte_id": "hct",
          "name": "Hematocrito",
          "units": "%",
          "ref_ranges": [
            {
              "sex": "male",
              "low": 41.0,
              "high": 53.0
            },
            {
              "sex": "female",
              "low": 36.0,
              "high": 46.0
            }
          ],
          "interpretation_hints": [
            "Útil para hemodilución/hemoconcentración; correlacionar con Hb."
          ],
          "follow_up_checklist": [
            "Si alto: descartar hemoconcentración (deshidratación) vs poliglobulia (EPOC/SAOS/altitud, EPO exógena, PV).",
            "Si bajo: misma ruta que Hb."
          ]
        },
        {
          "analyte_id": "mcv",
          "name": "VCM",
          "units": "fL",
          "ref_ranges": [
            {
              "sex": "any",
              "low": 80.0,
              "high": 100.0
            }
          ],
          "interpretation_hints": [
            "<80: microcitosis (ferropenia/talasemia/sideroblástica).",
            "80-100: normocitosis (enfermedad crónica/hemólisis/sangrado agudo/renal).",
            ">100: macrocitosis (B12/folato, alcohol, hepatopatía, hipotiroidismo, MDS, fármacos)."
          ],
          "follow_up_checklist": [
            "Microcitosis: ferritina primero; si no baja, evaluar inflamación/ferropenia funcional; considerar electroforesis Hb si sospecha talasemia.",
            "Macrocitosis: B12, folato, TSH, PFH; revisar alcohol y fármacos; si citopenias múltiples, considerar MDS/medular."
          ]
        },
        {
          "analyte_id": "rdw",
          "name": "RDW (ADE)",
          "units": "%",
          "ref_ranges": [
            {
              "sex": "any",
              "low": 11.5,
              "high": 14.5
            }
          ],
          "interpretation_hints": [
            "RDW alto con VCM bajo: sugiere ferropenia.",
            "RDW normal con VCM bajo: sugiere talasemia menor (no excluye mixtos)."
          ],
          "follow_up_checklist": [
            "Comparar con frotis periférico si discordancia clínica.",
            "Si RDW alto + macro: pensar megaloblástica o mixtas."
          ]
        },
        {
          "analyte_id": "retic",
          "name": "Reticulocitos",
          "units": "%",
          "ref_ranges": [
            {
              "sex": "any",
              "low": 0.5,
              "high": 2.5
            }
          ],
          "derived": {
            "notes": "Ideal registrar absoluto o calcular RPI si anemia."
          },
          "interpretation_hints": [
            "Altos: respuesta medular (hemólisis o sangrado).",
            "Bajos/inadecuados: hipoproliferativa (carencial, inflamatoria, renal, medular)."
          ],
          "follow_up_checklist": [
            "Si altos: hemólisis (LDH, BI, haptoglobina ± Coombs), sangrado agudo.",
            "Si bajos: hierro/B12/folato, función renal (EPO), inflamación, médula."
          ]
        },
        {
          "analyte_id": "wbc",
          "name": "Leucocitos totales",
          "units": "/µL",
          "ref_ranges": [
            {
              "sex": "any",
              "low": 4000,
              "high": 11000
            }
          ],
          "critical": [
            {
              "op": "<",
              "value": 2000,
              "label": "crítica_baja"
            },
            {
              "op": ">",
              "value": 30000,
              "label": "crítica_alta"
            }
          ],
          "interpretation_hints": [
            "Interpretar con diferencial absoluto (ANC/ALC), no solo porcentajes."
          ],
          "follow_up_checklist": [
            "Revisar ANC/ALC.",
            "Buscar bandemia/desviación a la izquierda si sospecha bacteriana.",
            "Fármacos: esteroides/litio (leucocitosis); clozapina/carbamazepina (leucopenia)."
          ]
        },
        {
          "analyte_id": "anc",
          "name": "Neutrófilos absolutos (ANC)",
          "units": "/µL",
          "ref_ranges": [
            {
              "sex": "any",
              "low": 1800,
              "high": 7700
            }
          ],
          "flags": [
            {
              "op": "<",
              "value": 1500,
              "label": "neutropenia"
            },
            {
              "op": "<",
              "value": 1000,
              "label": "neutropenia_moderada"
            },
            {
              "op": "<",
              "value": 500,
              "label": "neutropenia_severa"
            }
          ],
          "interpretation_hints": [
            "Neutrofilia: bacteriana/estrés/esteroides/mieloproliferativo.",
            "Neutropenia: viral, fármacos, autoinmune, médula."
          ],
          "follow_up_checklist": [
            "Si neutropenia: cronología + fármacos; síntomas infecciosos; frotis si dudas; evaluar causas según contexto.",
            "Si sospecha infección bacteriana: buscar bandemia."
          ]
        },
        {
          "analyte_id": "alc",
          "name": "Linfocitos absolutos (ALC)",
          "units": "/µL",
          "ref_ranges": [
            {
              "sex": "any",
              "low": 1000,
              "high": 4800
            }
          ],
          "interpretation_hints": [
            "Linfocitosis: viral, tos ferina, LLC.",
            "Linfopenia: VIH, sepsis, esteroides, LES, desnutrición."
          ],
          "follow_up_checklist": [
            "Si linfopenia persistente: revisar riesgo VIH, esteroides, enfermedad sistémica.",
            "Si linfocitosis persistente: frotis y considerar hematología."
          ]
        },
        {
          "analyte_id": "eos_abs",
          "name": "Eosinófilos absolutos",
          "units": "/µL",
          "ref_ranges": [
            {
              "sex": "any",
              "low": 0,
              "high": 500
            }
          ],
          "flags": [
            {
              "op": ">",
              "value": 1500,
              "label": "hipereosinofilia"
            }
          ],
          "interpretation_hints": [
            "Eosinofilia: alergia/asma, fármacos, parasitosis, colagenopatías, neoplasia, insuficiencia suprarrenal."
          ],
          "follow_up_checklist": [
            "Fármacos nuevos y atopia/asma.",
            "Exposición parasitaria; copro/serologías según contexto.",
            "Si >1500 sostenido: buscar daño de órgano diana y etiología secundaria vs primaria."
          ]
        },
        {
          "analyte_id": "plt",
          "name": "Plaquetas",
          "units": "/µL",
          "ref_ranges": [
            {
              "sex": "any",
              "low": 150000,
              "high": 450000
            }
          ],
          "flags": [
            {
              "op": "<",
              "value": 100000,
              "label": "trombocitopenia"
            },
            {
              "op": "<",
              "value": 50000,
              "label": "riesgo_procedimientos"
            },
            {
              "op": "<",
              "value": 20000,
              "label": "riesgo_hemorragia_espontanea"
            },
            {
              "op": ">",
              "value": 450000,
              "label": "trombocitosis"
            }
          ],
          "interpretation_hints": [
            "Trombocitopenia: descartar pseudo por EDTA y revisar frotis.",
            "Trombocitosis: reactiva (inflamación/ferropenia) vs clonal."
          ],
          "follow_up_checklist": [
            "Si bajas: repetir con citrato si sospecha pseudo; frotis; fármacos; consumo/destrucción según clínica.",
            "Si altas: buscar inflamación/ferropenia; si persistente marcada sin causa, valorar mieloproliferativo."
          ]
        }
      ],
      "rules": [
        {
          "rule_id": "cbc_anemia_classification",
          "name": "Clasificación de anemia por VCM",
          "inputs_required": [
            "hb",
            "mcv",
            "rdw",
            "retic"
          ],
          "triggers": [
            {
              "if": {
                "analyte": "hb",
                "status": "low"
              }
            }
          ],
          "outputs": [
            {
              "type": "pattern_hint",
              "text": "Hb baja: clasificar por VCM; RDW ayuda ferropenia vs talasemia; reticulocitos para respuesta medular."
            }
          ]
        }
      ]
    },
    {
      "panel_id": "bmp",
      "name": "Química básica (BMP)",
      "analytes": [
        {
          "analyte_id": "glucose_fasting",
          "name": "Glucosa (ayuno)",
          "units": "mg/dL",
          "ref_ranges": [
            {
              "sex": "any",
              "low": 70,
              "high": 99
            }
          ],
          "flags": [
            {
              "op": ">=",
              "value": 100,
              "label": "alterada_ayuno_prediabetes"
            },
            {
              "op": ">=",
              "value": 126,
              "label": "criterio_diabetes_confirmar"
            }
          ],
          "follow_up_checklist": [
            "Confirmar con repetición en ayuno o HbA1c.",
            "Considerar hiperglucemia por estrés según contexto."
          ]
        },
        {
          "analyte_id": "bun",
          "name": "BUN",
          "units": "mg/dL",
          "ref_ranges": [
            {
              "sex": "any",
              "low": 7,
              "high": 20
            }
          ],
          "follow_up_checklist": [
            "Calcular BUN/Cr; si >20 sugiere componente prerrenal (depleción/IC/sangrado GI)."
          ]
        },
        {
          "analyte_id": "urea",
          "name": "Urea",
          "units": "mg/dL",
          "ref_ranges": [
            {
              "sex": "any",
              "low": 15,
              "high": 40
            }
          ]
        },
        {
          "analyte_id": "creatinine",
          "name": "Creatinina",
          "units": "mg/dL",
          "ref_ranges": [
            {
              "sex": "male",
              "low": 0.7,
              "high": 1.3
            },
            {
              "sex": "female",
              "low": 0.6,
              "high": 1.1
            }
          ],
          "follow_up_checklist": [
            "Calcular eGFR y estadificar si crónico.",
            "Si agudo: AKI KDIGO (incremento Cr/diuresis).",
            "Revisar nefrotóxicos y estado hemodinámico."
          ]
        },
        {
          "analyte_id": "sodium",
          "name": "Sodio (Na)",
          "units": "mEq/L",
          "ref_ranges": [
            {
              "sex": "any",
              "low": 135,
              "high": 145
            }
          ],
          "flags": [
            {
              "op": "<",
              "value": 130,
              "label": "hiponatremia_moderada"
            },
            {
              "op": "<",
              "value": 125,
              "label": "hiponatremia_severa"
            },
            {
              "op": ">",
              "value": 155,
              "label": "hipernatremia_severa"
            }
          ],
          "follow_up_checklist": [
            "Osmolaridad plasmática (hipo/iso/hiperosmolar).",
            "Osmolaridad urinaria + Na urinario.",
            "Evaluación clínica de volemia.",
            "Revisar fármacos asociados a SIADH y polidipsia."
          ]
        },
        {
          "analyte_id": "potassium",
          "name": "Potasio (K)",
          "units": "mEq/L",
          "ref_ranges": [
            {
              "sex": "any",
              "low": 3.5,
              "high": 5.0
            }
          ],
          "flags": [
            {
              "op": ">",
              "value": 5.5,
              "label": "hiperkalemia"
            },
            {
              "op": ">",
              "value": 6.0,
              "label": "hiperkalemia_severa"
            },
            {
              "op": "<",
              "value": 3.0,
              "label": "hipokalemia_moderada"
            }
          ],
          "follow_up_checklist": [
            "Descartar hemólisis preanalítica si K alto inesperado.",
            "EKG si K ≥6 o síntomas.",
            "Revisar fármacos (IECA/ARAII, espironolactona, TMP-SMX) y ERC.",
            "Revisar bicarbonato y estado ácido-base."
          ]
        },
        {
          "analyte_id": "chloride",
          "name": "Cloro (Cl)",
          "units": "mEq/L",
          "ref_ranges": [
            {
              "sex": "any",
              "low": 98,
              "high": 106
            }
          ]
        },
        {
          "analyte_id": "bicarb",
          "name": "Bicarbonato (HCO3-)",
          "units": "mEq/L",
          "ref_ranges": [
            {
              "sex": "any",
              "low": 22,
              "high": 28
            }
          ],
          "flags": [
            {
              "op": "<",
              "value": 20,
              "label": "acidosis_metabolica_probable"
            }
          ],
          "follow_up_checklist": [
            "Calcular anion gap (AG).",
            "Considerar lactato/cetonas/uremia/tóxicos según contexto.",
            "Gasometría si impacto clínico."
          ]
        },
        {
          "analyte_id": "uric_acid",
          "name": "Ácido Úrico",
          "units": "mg/dL",
          "ref_ranges": [
            {
              "sex": "male",
              "low": 3.5,
              "high": 7.2
            },
            {
              "sex": "female",
              "low": 2.6,
              "high": 6.0
            }
          ]
        },
        {
          "analyte_id": "calcium",
          "name": "Calcio Total",
          "units": "mg/dL",
          "ref_ranges": [
            {
              "sex": "any",
              "low": 8.5,
              "high": 10.5
            }
          ]
        },
        {
          "analyte_id": "phosphorus",
          "name": "Fósforo",
          "units": "mg/dL",
          "ref_ranges": [
            {
              "sex": "any",
              "low": 2.5,
              "high": 4.5
            }
          ]
        },
        {
          "analyte_id": "magnesium",
          "name": "Magnesio",
          "units": "mg/dL",
          "ref_ranges": [
            {
              "sex": "any",
              "low": 1.7,
              "high": 2.2
            }
          ]
        }
      ],
      "derived_metrics": [
        {
          "metric_id": "anion_gap",
          "name": "Anion Gap",
          "units": "mEq/L",
          "formula": "Na - (Cl + HCO3)",
          "ref_range": {
            "low": 8,
            "high": 12
          },
          "interpretation_hints": [
            ">12: acidosis con gap elevado (lactato, cetoacidosis, uremia, tóxicos)."
          ]
        },
        {
          "metric_id": "bun_cr_ratio",
          "name": "Relación BUN/Cr",
          "units": "ratio",
          "formula": "BUN / Creatinina",
          "interpretation_hints": [
            ">20 sugiere componente prerrenal (depleción/IC/sangrado GI)."
          ]
        }
      ]
    },
    {
      "panel_id": "lft",
      "name": "Pruebas de función hepática (PFH)",
      "analytes": [
        {
          "analyte_id": "alt",
          "name": "ALT (TGP)",
          "units": "U/L",
          "ref_ranges": [
            {
              "sex": "any",
              "low": 7,
              "high": 56
            }
          ],
          "follow_up_checklist": [
            "Comparar con FA/GGT (patrón).",
            "Historia farmacológica/tóxicos.",
            "Serologías si indicado.",
            "INR si sospecha falla sintética."
          ]
        },
        {
          "analyte_id": "ast",
          "name": "AST (TGO)",
          "units": "U/L",
          "ref_ranges": [
            {
              "sex": "any",
              "low": 10,
              "high": 40
            }
          ],
          "follow_up_checklist": [
            "Considerar músculo/hemólisis si elevación aislada.",
            "Relación AST/ALT en contexto clínico."
          ]
        },
        {
          "analyte_id": "alp",
          "name": "Fosfatasa Alcalina (FA)",
          "units": "U/L",
          "ref_ranges": [
            {
              "sex": "any",
              "low": 40,
              "high": 130
            }
          ],
          "follow_up_checklist": [
            "GGT o 5'-nucleotidasa para origen hepático.",
            "USG hepatobiliar si colestasis clínica."
          ]
        },
        {
          "analyte_id": "ggt",
          "name": "GGT",
          "units": "U/L",
          "ref_ranges": [
            {
              "sex": "any",
              "low": 9,
              "high": 48
            }
          ]
        },
        {
          "analyte_id": "bili_total",
          "name": "Bilirrubina total",
          "units": "mg/dL",
          "ref_ranges": [
            {
              "sex": "any",
              "low": 0.3,
              "high": 1.2
            }
          ]
        },
        {
          "analyte_id": "bili_direct",
          "name": "Bilirrubina directa",
          "units": "mg/dL",
          "ref_ranges": [
            {
              "sex": "any",
              "low": 0.0,
              "high": 0.3
            }
          ]
        },
        {
          "analyte_id": "albumin",
          "name": "Albúmina",
          "units": "g/dL",
          "ref_ranges": [
            {
              "sex": "any",
              "low": 3.5,
              "high": 5.0
            }
          ]
        },
        {
          "analyte_id": "inr",
          "name": "INR",
          "units": "ratio",
          "ref_ranges": [
            {
              "sex": "any",
              "low": 0.9,
              "high": 1.1
            }
          ],
          "follow_up_checklist": [
            "Confirmar anticoagulantes/biotina/vitamina K.",
            "Si prolongado sin AC: falla hepática aguda vs cirrosis avanzada."
          ]
        }
      ],
      "derived_metrics": [
        {
          "metric_id": "ast_alt_ratio",
          "name": "Relación AST/ALT",
          "units": "ratio",
          "formula": "AST / ALT",
          "interpretation_hints": [
            ">2 sugiere etiología alcohólica (no exclusiva)."
          ]
        }
      ]
    },
    {
      "panel_id": "thyroid",
      "name": "Perfil tiroideo",
      "analytes": [
        {
          "analyte_id": "tsh",
          "name": "TSH",
          "units": "µUI/mL",
          "ref_ranges": [
            {
              "sex": "any",
              "low": 0.4,
              "high": 4.5
            }
          ],
          "flags": [
            {
              "op": ">",
              "value": 10.0,
              "label": "hipotiroidismo_probable_relevante"
            },
            {
              "op": "<",
              "value": 0.1,
              "label": "hipertiroidismo_probable_relevante"
            }
          ],
          "follow_up_checklist": [
            "T4 libre si TSH alterada.",
            "Anti-TPO si sospecha autoinmune.",
            "Revisar litio/amiodarona/biotina y enfermedad no tiroidea."
          ]
        },
        {
          "analyte_id": "ft4",
          "name": "T4 libre",
          "units": "ng/dL",
          "ref_ranges": [
            {
              "sex": "any",
              "low": 0.8,
              "high": 1.8
            }
          ]
        },
        {
          "analyte_id": "ft3",
          "name": "T3 libre",
          "units": "pg/mL",
          "ref_ranges": [
            {
              "sex": "any",
              "low": 2.3,
              "high": 4.2
            }
          ]
        },
        {
          "analyte_id": "anti_tpo",
          "name": "Anti-TPO",
          "units": "UI/mL",
          "ref_ranges": [
            {
              "sex": "any",
              "high": 35
            }
          ],
          "interpretation_hints": [
            "Valores elevados sugieren tiroiditis autoinmune (Hashimoto/Graves)."
          ]
        },
        {
          "analyte_id": "anti_tg",
          "name": "Anti-Tiroglobulina",
          "units": "UI/mL",
          "ref_ranges": [
            {
              "sex": "any"
            }
          ]
        }
      ]
    },
    {
      "panel_id": "lipids",
      "name": "Perfil de lípidos",
      "analytes": [
        {
          "analyte_id": "ldl",
          "name": "LDL-C",
          "units": "mg/dL",
          "ref_ranges": [
            {
              "sex": "any",
              "low": 0,
              "high": 100
            }
          ],
          "follow_up_checklist": [
            "Interpretar por riesgo CV global.",
            "Descartar causas secundarias (hipotiroidismo, nefrosis, colestasis)."
          ]
        },
        {
          "analyte_id": "hdl",
          "name": "HDL-C",
          "units": "mg/dL",
          "ref_ranges": [
            {
              "sex": "male",
              "low": 40,
              "high": 999
            },
            {
              "sex": "female",
              "low": 50,
              "high": 999
            }
          ]
        },
        {
          "analyte_id": "triglycerides",
          "name": "Triglicéridos",
          "units": "mg/dL",
          "ref_ranges": [
            {
              "sex": "any",
              "low": 0,
              "high": 150
            }
          ],
          "flags": [
            {
              "op": ">=",
              "value": 500,
              "label": "riesgo_pancreatitis"
            },
            {
              "op": ">=",
              "value": 1000,
              "label": "alto_riesgo_pancreatitis"
            }
          ],
          "follow_up_checklist": [
            "Buscar DM no controlada, alcohol, fármacos, hipotiroidismo, ERC.",
            "Si muy altos: correlacionar con clínica abdominal/pancreatitis."
          ]
        },
        {
          "analyte_id": "chol_total",
          "name": "Colesterol total",
          "units": "mg/dL",
          "ref_ranges": [
            {
              "sex": "any",
              "low": 0,
              "high": 200
            }
          ]
        }
      ]
    },
    {
      "panel_id": "ua",
      "name": "EGO (tira reactiva + sedimento)",
      "analytes": [
        {
          "analyte_id": "urine_sg",
          "name": "Densidad urinaria",
          "units": "ratio",
          "ref_ranges": [
            {
              "sex": "any",
              "low": 1.005,
              "high": 1.030
            }
          ]
        },
        {
          "analyte_id": "urine_ph",
          "name": "pH urinario",
          "units": "pH",
          "ref_ranges": [
            {
              "sex": "any",
              "low": 4.5,
              "high": 8.0
            }
          ]
        },
        {
          "analyte_id": "nitrites",
          "name": "Nitritos",
          "units": "qual",
          "ref_ranges": [
            {
              "sex": "any",
              "qualitative_normal": "negativo"
            }
          ]
        },
        {
          "analyte_id": "leukocyte_esterase",
          "name": "Esterasa leucocitaria",
          "units": "qual",
          "ref_ranges": [
            {
              "sex": "any",
              "qualitative_normal": "negativo"
            }
          ]
        },
        {
          "analyte_id": "protein_dip",
          "name": "Proteínas (tira)",
          "units": "qual",
          "ref_ranges": [
            {
              "sex": "any",
              "qualitative_normal": "negativo"
            }
          ],
          "follow_up_checklist": [
            "Si positivo: cuantificar (ACR en muestra al azar o 24h).",
            "Correlacionar con sedimento y clínica."
          ]
        },
        {
          "analyte_id": "rbc_urine",
          "name": "Eritrocitos en orina",
          "units": "RBC/HPF",
          "ref_ranges": [
            {
              "sex": "any",
              "low": 0,
              "high": 2
            }
          ],
          "follow_up_checklist": [
            "Si hematuria: dismorfia eritrocitaria y cilindros hemáticos (glomerular).",
            "Descartar litiasis/infección/neoplasia según riesgo."
          ]
        },
        {
          "analyte_id": "casts",
          "name": "Cilindros (tipo)",
          "units": "text",
          "ref_ranges": [
            {
              "sex": "any"
            }
          ],
          "interpretation_hints": [
            "Hialinos: deshidratación/ejercicio (inespecífico).",
            "Granulosos: NTA.",
            "Hemáticos: glomerulonefritis.",
            "Leucocitarios: pielonefritis o nefritis intersticial."
          ]
        }
      ]
    },
    {
      "panel_id": "metabolic_diabetes",
      "name": "Metabolismo / Diabetes",
      "analytes": [
        {
          "analyte_id": "hba1c",
          "name": "HbA1c",
          "units": "%",
          "ref_ranges": [
            {
              "sex": "any",
              "low": 4.0,
              "high": 5.6
            }
          ],
          "flags": [
            {
              "op": ">=",
              "value": 6.5,
              "label": "diabetes_probable"
            },
            {
              "op": ">=",
              "value": 5.7,
              "label": "prediabetes"
            }
          ],
          "interpretation_hints": [
            "Normal: <5.7% | Prediabetes: 5.7–6.4% | Diabetes: ≥6.5% (confirmar).",
            "Cambio mínimo real: ~0.3–0.5% entre mediciones.",
            "HbA1c alta con glucosas normales: sugiere picos posprandiales.",
            "Falsamente baja: hemólisis, sangrado, transfusión, embarazo (2º-3º trim), EPO.",
            "Falsamente alta: ferropenia, uremia avanzada, alcoholismo crónico."
          ],
          "follow_up_checklist": [
            "Si >= 6.5: repetir para confirmar o usar glucosa ayuno/CTOG.",
            "Revisar glucemias posprandiales si HbA1c alta con ayuno normal.",
            "Si hay anemia severa o hemoglobinopatías: considerar fructosamina."
          ]
        },
        {
          "analyte_id": "insulin",
          "name": "Insulina basal",
          "units": "µIU/mL",
          "ref_ranges": [
            {
              "sex": "any",
              "low": 2.0,
              "high": 25.0
            }
          ]
        },
        {
          "analyte_id": "c_peptide",
          "name": "Péptido C",
          "units": "ng/mL",
          "ref_ranges": [
            {
              "sex": "any",
              "low": 0.5,
              "high": 2.0
            }
          ]
        }
      ]
    },
    {
      "panel_id": "hormones",
      "name": "Hormonas / Reproducción",
      "analytes": [
        {
          "analyte_id": "prolactin",
          "name": "Prolactina",
          "units": "ng/mL",
          "ref_ranges": [
            {
              "sex": "male",
              "low": 4.0,
              "high": 15.0
            },
            {
              "sex": "female",
              "low": 5.0,
              "high": 25.0
            }
          ],
          "flags": [
            {
              "op": ">",
              "value": 200,
              "label": "hiperprolactinemia_severa_riesgo_adenoma"
            },
            {
              "op": ">",
              "value": 100,
              "label": "hiperprolactinemia_significativa"
            },
            {
              "op": ">",
              "value": 25,
              "label": "hiperprolactinemia_leve"
            }
          ],
          "interpretation_hints": [
            "Rangos típicos: Hombres 4–15 ng/mL | Mujeres no emb. 5–25 ng/mL.",
            "Pulsátil: sube con estrés, coito, ejercicio, sueño. Toma ideal: matutina y reposo.",
            "Leve (25-50): fármacos, estrés, hipotiroidismo subclínico, macroprolactina.",
            "Moderada (50-100): antipsicóticos/antieméticos, lesión de tallo hipofisario.",
            "Alta (>100): aumenta probabilidad de prolactinoma o fármacos potentes (risperidona)."
          ],
          "follow_up_checklist": [
            "Descartar embarazo (beta-hCG) en mujeres en edad fértil.",
            "Revisar fármacos (antipsicóticos) y función renal/hepática.",
            "Pedir TSH/T4L: el hipotiroidismo eleva TRH y puede elevar PRL.",
            "Descartar macroprolactina (precipitación por PEG) si síntomas discordantes."
          ]
        },
        {
          "analyte_id": "fsh",
          "name": "FSH",
          "units": "mUI/mL",
          "ref_ranges": [
            {
              "sex": "any"
            }
          ],
          "interpretation_hints": [
            "Varía según fase del ciclo o menopausia."
          ]
        },
        {
          "analyte_id": "lh",
          "name": "LH",
          "units": "mUI/mL",
          "ref_ranges": [
            {
              "sex": "any"
            }
          ]
        },
        {
          "analyte_id": "estradiol",
          "name": "Estradiol (E2)",
          "units": "pg/mL",
          "ref_ranges": [
            {
              "sex": "any"
            }
          ]
        },
        {
          "analyte_id": "progesterone",
          "name": "Progesterona",
          "units": "ng/mL",
          "ref_ranges": [
            {
              "sex": "any"
            }
          ]
        },
        {
          "analyte_id": "testosterone",
          "name": "Testosterona Total",
          "units": "ng/dL",
          "ref_ranges": [
            {
              "sex": "male",
              "low": 280,
              "high": 1100
            },
            {
              "sex": "female",
              "low": 15,
              "high": 70
            }
          ]
        },
        {
          "analyte_id": "bhcg",
          "name": "Beta-hCG (Cualitativa)",
          "units": "qual",
          "ref_ranges": [
            {
              "sex": "female",
              "qualitative_normal": "negativo"
            }
          ]
        }
      ]
    },
    {
      "panel_id": "coag",
      "name": "Coagulación",
      "analytes": [
        {
          "analyte_id": "pt",
          "name": "TP (Protrombina)",
          "units": "s",
          "ref_ranges": [
            {
              "sex": "any",
              "low": 11.0,
              "high": 13.5
            }
          ]
        },
        {
          "analyte_id": "inr",
          "name": "INR",
          "units": "ratio",
          "ref_ranges": [
            {
              "sex": "any",
              "low": 0.9,
              "high": 1.2
            }
          ]
        },
        {
          "analyte_id": "ptt",
          "name": "TTPa",
          "units": "s",
          "ref_ranges": [
            {
              "sex": "any",
              "low": 25.0,
              "high": 35.0
            }
          ]
        },
        {
          "analyte_id": "fibrinogen",
          "name": "Fibrinógeno",
          "units": "mg/dL",
          "ref_ranges": [
            {
              "sex": "any",
              "low": 200,
              "high": 400
            }
          ]
        },
        {
          "analyte_id": "dimer",
          "name": "Dímero D",
          "units": "ng/mL FEU",
          "ref_ranges": [
            {
              "sex": "any",
              "high": 500
            }
          ],
          "flags": [
            {
              "op": ">",
              "value": 500,
              "label": "elevado"
            }
          ]
        }
      ]
    },
    {
      "panel_id": "inflammation",
      "name": "Marcadores Inflamatorios",
      "analytes": [
        {
          "analyte_id": "crp",
          "name": "PCR (Proteína C R.)",
          "units": "mg/L",
          "ref_ranges": [
            {
              "sex": "any",
              "high": 5
            }
          ],
          "interpretation_hints": [
            "Reactante de fase aguda. <5 mg/L normal (o <0.5 mg/dL)."
          ]
        },
        {
          "analyte_id": "esr",
          "name": "VSG",
          "units": "mm/h",
          "ref_ranges": [
            {
              "sex": "male",
              "high": 15
            },
            {
              "sex": "female",
              "high": 20
            }
          ]
        },
        {
          "analyte_id": "procalcitonin",
          "name": "Procalcitonina",
          "units": "ng/mL",
          "ref_ranges": [
            {
              "sex": "any",
              "high": 0.05
            }
          ]
        }
      ]
    },
    {
      "panel_id": "iron",
      "name": "Cinética de Hierro / Anemia",
      "analytes": [
        {
          "analyte_id": "iron_serum",
          "name": "Hierro Sérico",
          "units": "µg/dL",
          "ref_ranges": [
            {
              "sex": "any",
              "low": 60,
              "high": 170
            }
          ]
        },
        {
          "analyte_id": "ferritin",
          "name": "Ferritina",
          "units": "ng/mL",
          "ref_ranges": [
            {
              "sex": "male",
              "low": 30,
              "high": 400
            },
            {
              "sex": "female",
              "low": 15,
              "high": 150
            }
          ]
        },
        {
          "analyte_id": "tibc",
          "name": "TIBC",
          "units": "µg/dL",
          "ref_ranges": [
            {
              "sex": "any",
              "low": 240,
              "high": 450
            }
          ]
        },
        {
          "analyte_id": "transferrin_sat",
          "name": "Sat. Transferrina",
          "units": "%",
          "ref_ranges": [
            {
              "sex": "any",
              "low": 20,
              "high": 50
            }
          ]
        },
        {
          "analyte_id": "b12",
          "name": "Vitamina B12",
          "units": "pg/mL",
          "ref_ranges": [
            {
              "sex": "any",
              "low": 200,
              "high": 900
            }
          ]
        },
        {
          "analyte_id": "folate",
          "name": "Folato",
          "units": "ng/mL",
          "ref_ranges": [
            {
              "sex": "any",
              "low": 4.0
            }
          ]
        }
      ]
    },
    {
      "panel_id": "cardiac",
      "name": "Marcadores Cardíacos",
      "analytes": [
        {
          "analyte_id": "troponin",
          "name": "Troponina",
          "units": "ng/mL",
          "ref_ranges": [
            {
              "sex": "any"
            }
          ],
          "interpretation_hints": [
            "Interpretación depende del punto de corte del laboratorio (p99)."
          ]
        },
        {
          "analyte_id": "ck",
          "name": "CK Total",
          "units": "U/L",
          "ref_ranges": [
            {
              "sex": "any",
              "low": 30,
              "high": 200
            }
          ]
        },
        {
          "analyte_id": "ckmb",
          "name": "CK-MB",
          "units": "ng/mL",
          "ref_ranges": [
            {
              "sex": "any"
            }
          ]
        },
        {
          "analyte_id": "bnp",
          "name": "BNP / NT-proBNP",
          "units": "pg/mL",
          "ref_ranges": [
            {
              "sex": "any"
            }
          ]
        }
      ]
    },
    {
      "panel_id": "pancreatic",
      "name": "Enzimas Pancreáticas",
      "analytes": [
        {
          "analyte_id": "amylase",
          "name": "Amilasa",
          "units": "U/L",
          "ref_ranges": [
            {
              "sex": "any",
              "low": 30,
              "high": 110
            }
          ]
        },
        {
          "analyte_id": "lipase",
          "name": "Lipasa",
          "units": "U/L",
          "ref_ranges": [
            {
              "sex": "any",
              "low": 0,
              "high": 160
            }
          ]
        },
        {
          "analyte_id": "ldh",
          "name": "LDH",
          "units": "U/L",
          "ref_ranges": [
            {
              "sex": "any",
              "low": 140,
              "high": 280
            }
          ]
        }
      ]
    },
    {
      "panel_id": "psych_drug_levels",
      "name": "Psicotrópicos: Niveles Plasmáticos",
      "analytes": [
        {
          "analyte_id": "lithium",
          "name": "Litio",
          "units": "mEq/L",
          "ref_ranges": [
            {
              "sex": "any",
              "low": 0.6,
              "high": 1.2
            }
          ],
          "critical": [
            {
              "op": ">",
              "value": 1.5,
              "label": "toxicidad_probable"
            },
            {
              "op": ">",
              "value": 2.0,
              "label": "toxicidad_severa_riesgo_vida"
            }
          ],
          "interpretation_hints": [
            "Rango terapéutico habitual: 0.6–1.2 mEq/L. Mantenimiento: 0.6-0.8.",
            "Toma de muestra: 12h después de la última dosis (estado estacionario).",
            "Terapia profiláctica puede requerir niveles menores (0.4-0.6) en adultos mayores."
          ],
          "follow_up_checklist": [
            "Revisar función renal (Cr/BUN), electrolitos (Na) y TSH anualmente.",
            "Descartar deshidratación o uso de AINEs/tiazidas/IECA si nivel alto inesperado."
          ]
        },
        {
          "analyte_id": "valproate",
          "name": "Ácido Valproico",
          "units": "µg/mL",
          "ref_ranges": [
            {
              "sex": "any",
              "low": 50,
              "high": 100
            }
          ],
          "flags": [
            {
              "op": ">",
              "value": 150,
              "label": "toxicidad_potencial"
            }
          ],
          "interpretation_hints": [
            "Rango terapéutico: 50–100 µg/mL (hasta 125 µg/mL en manía aguda).",
            "Toxicidad severa suele aparecer con niveles >175 µg/mL."
          ],
          "follow_up_checklist": [
            "PFH y BH (plaquetas) periódicas.",
            "Si síntomas de encefalopatía: pedir amonio plasmático."
          ]
        },
        {
          "analyte_id": "carbamazepine",
          "name": "Carbamazepina",
          "units": "µg/mL",
          "ref_ranges": [
            {
              "sex": "any",
              "low": 4,
              "high": 12
            }
          ],
          "interpretation_hints": [
            "Rango terapéutico: 4–12 µg/mL.",
            "Autoinducción enzimática: los niveles pueden bajar tras las primeras semanas."
          ],
          "follow_up_checklist": [
            "BH (riesgo leucopenia/anemia aplásica) y Na (siADH)."
          ]
        }
      ]
    },
    {
      "panel_id": "qs6",
      "name": "Química Sanguínea 6 (QS6)",
      "analytes_refs": [
        "glucose_fasting",
        "urea",
        "bun",
        "creatinine",
        "uric_acid",
        "chol_total"
      ],
      "analytes": []
    },
    {
      "panel_id": "qs12",
      "name": "Química Sanguínea 12 (QS12)",
      "analytes_refs": [
        "glucose_fasting",
        "urea",
        "bun",
        "creatinine",
        "uric_acid",
        "chol_total",
        "triglycerides",
        "hdl",
        "ldl",
        "bili_total",
        "ast",
        "alt"
      ],
      "analytes": []
    },
    {
      "panel_id": "qs24",
      "name": "Química Sanguínea 24 (QS24)",
      "analytes_refs": [
        "glucose_fasting",
        "urea",
        "bun",
        "creatinine",
        "uric_acid",
        "chol_total",
        "triglycerides",
        "hdl",
        "ldl",
        "bili_total",
        "bili_direct",
        "sodium",
        "potassium",
        "chloride",
        "bicarb",
        "calcium",
        "phosphorus",
        "magnesium",
        "albumin",
        "ast",
        "alt",
        "alp",
        "ggt",
        "ldh"
      ],
      "analytes": []
    },
    {
      "panel_id": "checkup_basico",
      "name": "Chequeo Básico (Preop/1er Contacto)",
      "analytes_refs": [
        "hb",
        "wbc",
        "plt",
        "glucose_fasting",
        "urea",
        "creatinine",
        "uric_acid",
        "chol_total",
        "urine_sg",
        "urine_ph",
        "protein_dip",
        "nitrites"
      ],
      "analytes": []
    },
    {
      "panel_id": "metabolico_cv",
      "name": "Metabólico / Cardiovascular",
      "analytes_refs": [
        "glucose_fasting",
        "hba1c",
        "chol_total",
        "triglycerides",
        "hdl",
        "ldl",
        "ast",
        "alt",
        "tsh"
      ],
      "analytes": []
    },
    {
      "panel_id": "renal_completo",
      "name": "Panel Renal (ERC/Litio)",
      "analytes_refs": [
        "creatinine",
        "bun",
        "sodium",
        "potassium",
        "chloride",
        "bicarb",
        "urine_sg",
        "urine_ph",
        "protein_dip",
        "calcium",
        "phosphorus",
        "magnesium"
      ],
      "analytes": []
    },
    {
      "panel_id": "hepatico_completo",
      "name": "Panel Hepático",
      "analytes_refs": [
        "ast",
        "alt",
        "alp",
        "ggt",
        "bili_total",
        "bili_direct",
        "albumin",
        "inr"
      ],
      "analytes": []
    },
    {
      "panel_id": "psiquiatria_psicofarmacos",
      "name": "Psiquiatría / Psicofármacos",
      "analytes_refs": [
        "wbc",
        "anc",
        "glucose_fasting",
        "hba1c",
        "triglycerides",
        "ldl",
        "ast",
        "alt",
        "prolactin",
        "creatinine",
        "sodium",
        "tsh",
        "ft4"
      ],
      "analytes": []
    }
  ]
}