{
  "meta": {
    "dataset_id": "labs_records_v1",
    "language": "es"
  },
  "records": [
    {
      "record_id": "example_001",
      "patient_ref": "anon",
      "sex": "female",
      "date": "2026-01-05",
      "context": "Control ambulatorio",
      "lab_name": "EjemploLab",
      "panels": [
        {
          "panel_id": "bmp",
          "results": [
            { "analyte_id": "sodium", "value": 128 },
            { "analyte_id": "potassium", "value": 4.2 },
            { "analyte_id": "chloride", "value": 95 },
            { "analyte_id": "bicarb", "value": 22 },
            { "analyte_id": "creatinine", "value": 0.9 },
            { "analyte_id": "bun", "value": 18 },
            { "analyte_id": "glucose_fasting", "value": 102 }
          ],
          "free_text_notes": "Hiponatremia moderada. Considerar osm plasmática y Na urinario si clínicamente relevante; revisar fármacos asociados a SIADH y polidipsia."
        }
      ],
      "attachments": [],
      "tags": ["mvp", "ejemplo"]
    }
  ]
}
	