{
  "meta": {
    "dataset_id": "labs_export_templates_v2",
    "language": "es"
  },
  "export_templates": [
    {
      "template_id": "note_plaintext_v1",
      "name": "Nota Compacta",
      "format": "text/plain",
      "body": "{panel_blocks}"
    },
    {
      "template_id": "panel_block_v1",
      "name": "Bloque",
      "format": "text/plain",
      "body": "{lines}\n"
    },
    {
      "template_id": "line_v1",
      "name": "Línea",
      "format": "text/plain",
      "body": "{analyte_name}: {value}{value_suffix} {units} "
    }
  ]
}
